{"cameraMode":{"drawMode":0,"name":"Shaded","section":"Shading Mode"},"sceneLighting":true,"audioPlay":false,"sceneViewState":{"m_AlwaysRefresh":false,"showFog":true,"showSkybox":true,"showFlares":true,"showImageEffects":true,"showParticleSystems":true,"showVisualEffectGraphs":true,"m_FxEnabled":true},"in2DMode":false,"pivot":{"x":2.5306930541992189,"y":-5.505626201629639,"z":2.5142323970794679},"rotation":{"x":0.3722803294658661,"y":0.28507596254348757,"z":-0.12130539864301682,"w":0.8748853206634522},"size":7.909424304962158,"orthographic":false}